{"Casual":{"2022":1064.0463628902,"Jan":972.0055662069,"Feb":888.3816247487,"Mar":989.8579528958,"Apr":1098.639370091,"May":1150.8200937223,"Jun":1068.2638146546,"Jul":1252.4768737026,"Aug":1161.170967515,"Sep":1041.672666404,"Oct":918.7095587685,"Nov":851.950336669,"Dec":794.9204974786,"Mon":1011.111382906,"Tue":965.099808741,"Wed":964.1097345679,"Thu":977.7582725885,"Fri":1037.9025489066,"Sat":1212.0639554441,"Sun":1202.6074530117,"0":1095.8660524308,"1":1154.0751694393,"2":1205.1556701855,"3":1143.5477634572,"4":995.0671378092,"5":889.5534374191,"6":776.1433219457,"7":825.9190916089,"8":833.4550144317,"9":882.3653251685,"10":988.1195377283,"11":1059.89094981,"12":1068.18635901,"13":1093.6496508803,"14":1137.1865735887,"15":1131.60095677,"16":1096.3646953135,"17":1065.2186749273,"18":1085.7175992681,"19":1112.8290934671,"20":1107.4069636818,"21":1084.4871804805,"22":1088.5100225569,"23":1117.2122772277},"Member":{"2022":700.8168060724,"Jan":668.1730071112,"Feb":641.0504996124,"Mar":637.6856866745,"Apr":663.6483775007,"May":723.1278433685,"Jun":714.6819067819,"Jul":736.9871153065,"Aug":727.6911250322,"Sep":715.0041264843,"Oct":670.1628204503,"Nov":658.0061103118,"Dec":632.845873095,"Mon":674.6071379266,"Tue":682.8943037879,"Wed":686.4112823516,"Thu":693.6473895289,"Fri":696.0181270188,"Sat":748.0477170674,"Sun":731.6343266915,"0":704.0733156946,"1":676.7642818198,"2":693.8893354999,"3":707.4595008421,"4":646.2542901716,"5":595.1969549092,"6":601.6234701704,"7":652.9107182995,"8":689.0553601302,"9":656.7782682149,"10":659.2524247987,"11":668.8357092719,"12":667.5620694503,"13":680.334272806,"14":701.9466211604,"15":705.2330883791,"16":714.1142461677,"17":728.5874845922,"18":731.7560490125,"19":730.6158187346,"20":730.1550828008,"21":732.3915370002,"22":736.7869871914,"23":719.9043271908}}