{
    "2021": {
        "Casual": {
            "Yearly": 1351.8555504845,
            "Jan": 959.54307405,
            "Feb": 1308.6004147943,
            "Mar": 1608.9367084989,
            "Apr": 1721.3162921884,
            "May": 1861.3351701712,
            "Jun": 1734.6199547012,
            "Jul": 1458.5842486234,
            "Aug": 1402.5377116146,
            "Sep": 1291.4340854,
            "Oct": 933.0936802014,
            "Nov": 803.2872211688,
            "Dec": 961.9136943608,
            "Mon": 1348.0183382,
            "Tue": 1182.4178172054,
            "Wed": 1199.5819065702,
            "Thu": 1215.1668763352,
            "Fri": 1242.2555515749,
            "Sat": 1497.4255807332,
            "Sun": 1541.0560238704,
            "0": 1453.7444174857,
            "1": 1460.9021048083,
            "2": 1447.6189781022,
            "3": 1425.514732965,
            "4": 1184.6605480869,
            "5": 1004.2597994531,
            "6": 899.8622444343,
            "7": 920.3589110043,
            "8": 965.9829233309,
            "9": 1093.2259335612,
            "10": 1272.0949037962,
            "11": 1339.3635519406,
            "12": 1383.5239712444,
            "13": 1423.7141709198,
            "14": 1460.1588218756,
            "15": 1425.6080061503,
            "16": 1391.5982521664,
            "17": 1348.7909634407,
            "18": 1352.0986976135,
            "19": 1379.7563381713,
            "20": 1365.3642774237,
            "21": 1333.4865467769,
            "22": 1374.4612594253,
            "23": 1404.4273660013
        },
        "Member": {
            "Yearly": 766.0520132758,
            "Jan": 705.8800781635,
            "Feb": 733.6916458664,
            "Mar": 766.3682931834,
            "Apr": 810.2538344784,
            "May": 867.9948700396,
            "Jun": 826.6741434724,
            "Jul": 779.9276184982,
            "Aug": 756.0490040728,
            "Sep": 724.4417479785,
            "Oct": 688.2932009316,
            "Nov": 659.3028853836,
            "Dec": 645.4684190024,
            "Mon": 748.389159542,
            "Tue": 733.7810678605,
            "Wed": 745.6727350459,
            "Thu": 739.6268599241,
            "Fri": 742.0751124912,
            "Sat": 826.616394074,
            "Sun": 828.2810824762,
            "0": 724.3622601447,
            "1": 705.4270503232,
            "2": 762.6946820014,
            "3": 689.328109029,
            "4": 656.8662803177,
            "5": 629.378920827,
            "6": 669.3574371652,
            "7": 703.9697132288,
            "8": 725.5724927697,
            "9": 714.5020640715,
            "10": 737.1325834643,
            "11": 744.5775888129,
            "12": 744.0964709078,
            "13": 764.0309525488,
            "14": 785.9489053834,
            "15": 785.7969193157,
            "16": 785.4082702147,
            "17": 786.6942613942,
            "18": 793.0469572952,
            "19": 794.8004170591,
            "20": 797.8718131132,
            "21": 785.8706307036,
            "22": 775.6630181325,
            "23": 745.2745041122
        }
    },
    "2022": {
        "Casual": {
            "Yearly": 1064.0463628902,
            "Jan": 972.0055662069,
            "Feb": 888.3816247487,
            "Mar": 989.8579528958,
            "Apr": 1098.639370091,
            "May": 1150.8200937223,
            "Jun": 1068.2638146546,
            "Jul": 1252.4768737026,
            "Aug": 1161.170967515,
            "Sep": 1041.672666404,
            "Oct": 918.7095587685,
            "Nov": 851.950336669,
            "Dec": 794.9204974786,
            "Mon": 1011.111382906,
            "Tue": 965.099808741,
            "Wed": 964.1097345679,
            "Thu": 977.7582725885,
            "Fri": 1037.9025489066,
            "Sat": 1212.0639554441,
            "Sun": 1202.6074530117,
            "0": 1095.8660524308,
            "1": 1154.0751694393,
            "2": 1205.1556701855,
            "3": 1143.5477634572,
            "4": 995.0671378092,
            "5": 889.5534374191,
            "6": 776.1433219457,
            "7": 825.9190916089,
            "8": 833.4550144317,
            "9": 882.3653251685,
            "10": 988.1195377283,
            "11": 1059.89094981,
            "12": 1068.18635901,
            "13": 1093.6496508803,
            "14": 1137.1865735887,
            "15": 1131.60095677,
            "16": 1096.3646953135,
            "17": 1065.2186749273,
            "18": 1085.7175992681,
            "19": 1112.8290934671,
            "20": 1107.4069636818,
            "21": 1084.4871804805,
            "22": 1088.5100225569,
            "23": 1117.2122772277
        },
        "Member": {
            "Yearly": 700.8168060724,
            "Jan": 668.1730071112,
            "Feb": 641.0504996124,
            "Mar": 637.6856866745,
            "Apr": 663.6483775007,
            "May": 723.1278433685,
            "Jun": 714.6819067819,
            "Jul": 736.9871153065,
            "Aug": 727.6911250322,
            "Sep": 715.0041264843,
            "Oct": 670.1628204503,
            "Nov": 658.0061103118,
            "Dec": 632.845873095,
            "Mon": 674.6071379266,
            "Tue": 682.8943037879,
            "Wed": 686.4112823516,
            "Thu": 693.6473895289,
            "Fri": 696.0181270188,
            "Sat": 748.0477170674,
            "Sun": 731.6343266915,
            "0": 704.0733156946,
            "1": 676.7642818198,
            "2": 693.8893354999,
            "3": 707.4595008421,
            "4": 646.2542901716,
            "5": 595.1969549092,
            "6": 601.6234701704,
            "7": 652.9107182995,
            "8": 689.0553601302,
            "9": 656.7782682149,
            "10": 659.2524247987,
            "11": 668.8357092719,
            "12": 667.5620694503,
            "13": 680.334272806,
            "14": 701.9466211604,
            "15": 705.2330883791,
            "16": 714.1142461677,
            "17": 728.5874845922,
            "18": 731.7560490125,
            "19": 730.6158187346,
            "20": 730.1550828008,
            "21": 732.3915370002,
            "22": 736.7869871914,
            "23": 719.9043271908
        }
    }
}